trial,n_estimators,max_depth,learning_rate,subsample,colsample_bytree,min_child_weight,gamma,scale_pos_weight,mean_cv_pr_auc
0,750,3,0.012078958441106838,0.6103368692376527,0.619018071569398,8,4.142027969530834,46.42580749922949,0.5582427874894627
1,400,3,0.01797642003188991,0.6616543204652178,0.8046274560971849,6,3.581870943901958,20.594476785004275,0.5546592846479979
2,1000,7,0.06552830077860172,0.8920812298460336,0.7325048332820822,9,4.724317448164746,54.475978219939975,0.6037338143209705
3,950,6,0.016285559162544296,0.9046141227921102,0.8094837936517448,7,1.6639037734650204,37.98541668074266,0.5927450015785899
4,800,5,0.01131645726923933,0.9401750070454942,0.6036563849487186,10,3.811818006286984,27.886929219131858,0.5938729038668888
5,800,6,0.040792898720234845,0.8816953603225843,0.8677249969976932,4,0.6570792430840561,44.037600907188704,0.5882911443201937
6,300,5,0.011453895232579933,0.6325675259782976,0.8972888687063513,9,2.525692009415347,24.444427394522968,0.5570324960346495
7,1000,6,0.01783709106650769,0.7235255054032375,0.7123084951079778,2,4.8472228796903565,45.09228372424086,0.5889760905546737
8,500,4,0.011906123767555564,0.6647589235871966,0.7289300217838258,6,3.313036712098083,59.6195032357573,0.5554369978433508
9,300,5,0.023289593078634457,0.7648511141259069,0.8110502382877738,2,4.012911599387982,53.97253640581838,0.5690617714655991
10,900,6,0.0313832391215986,0.9027421635868043,0.6969926243070546,1,4.919026769784212,57.42750691416903,0.5790312294020037
11,950,8,0.06291952150351916,0.6485284646108197,0.6816950876441996,3,0.7209352962704135,51.89504192904303,0.6153909108333357
12,1000,4,0.026986417987560525,0.7858811834917347,0.7225066461847531,10,1.3573136481623864,41.41450394769925,0.5908693845927727
13,500,8,0.01493032291670893,0.6522788981888717,0.9829217834881869,1,3.4837783006522054,34.108301114409564,0.5846318024366728
14,550,6,0.014806767028766913,0.7523566714476544,0.9400948930134266,7,1.448625667177465,27.303062162723357,0.5952727328080415
15,350,7,0.011681445311058872,0.915998273353893,0.9789190357043502,8,4.836500922518848,39.49653695270209,0.5663005893028329
16,900,4,0.027887368940438136,0.6496987872714921,0.6215329006545476,8,0.9577213843929194,42.74726717671637,0.5880094296417606
17,950,4,0.013196481656920823,0.7090697091588474,0.972331658912126,6,3.50960275187365,26.313462575680568,0.5892394917020038
18,650,4,0.03380038740393674,0.9582043699920867,0.7614899490424423,7,2.0574201838132273,43.228188735797175,0.5865327178609417
19,850,7,0.14201815136793888,0.9225559138133493,0.9138408287487738,6,4.786902060038549,58.530171682198585,0.5910614071671622
20,850,6,0.0270606469570818,0.9005028735247128,0.670200833588154,9,4.461152520648937,30.06650280659067,0.6000701681808926
21,700,7,0.07433292622268556,0.841452909966024,0.8758678358841228,8,3.5189705508144487,41.320729503170014,0.6070301692778315
22,700,8,0.07062504181126734,0.9584543248092348,0.7111813045804377,8,3.2610974683127454,40.76765020136585,0.6040626741267482
23,700,5,0.022354245780854706,0.6965258649076272,0.9447746961076322,8,2.4525242666522815,26.39224627443011,0.5986733496238351
24,800,7,0.08588723439305639,0.9728997662402723,0.7351575226108956,8,1.0484282412714083,49.526618418271156,0.6033586869573584
25,1000,7,0.025406799470549978,0.8936760199197659,0.9670167326610809,10,4.377796155626424,56.52628487754382,0.5950855481176548
26,750,6,0.01099514880093543,0.8474754972622199,0.8400040720161426,7,3.696806409565461,35.291994551360375,0.5909759437050622
27,950,8,0.07223179990049536,0.9372979142995125,0.7002048313605355,8,4.476600380426596,59.5707979340016,0.599934583200959
28,800,8,0.18671977686964447,0.9244710988484116,0.8508347367181643,8,3.1799302941659393,50.34238628099672,0.5941607775961641
29,950,8,0.11668458766950733,0.9328205282523971,0.7312341424920791,6,2.6714915058295805,56.55799091643642,0.6000950391420312
30,900,6,0.07730118481500754,0.8277627392130908,0.6753281067909802,9,4.600091958509508,59.920782029932745,0.5974287962854538
31,900,8,0.044262930828761114,0.9847825580752492,0.682250130651443,7,3.5869572841059627,43.62216102671512,0.601849859288775
32,950,8,0.055578025391620337,0.9133101040576271,0.64577895947454,6,2.356158625454809,52.54555950062692,0.6116536878056541
33,600,8,0.047435789067918246,0.9036125600711253,0.6702553085708454,7,4.6794182212968325,38.20929337692952,0.6081578984542151
34,1000,8,0.06872119535632425,0.824660681692089,0.7292519555709781,1,0.26805605321682324,53.916316364868706,0.6167025400933661
35,750,7,0.058671631987413375,0.9689836900593658,0.7012449054858931,6,2.823884420858618,38.02623983458588,0.6007366823348202
36,750,7,0.11724220288367526,0.9576627260061419,0.7964880674850959,7,4.97751628740221,43.070848288481585,0.5911701609179526
37,1000,7,0.061927997426867394,0.8197514603639195,0.6428303170819271,3,1.3052981252440947,45.94064430863635,0.6103513334395715
38,900,7,0.04619686607797179,0.6122225897377256,0.6485129922830956,5,1.2451584383611602,58.31641572330989,0.6023576016350094
39,750,8,0.054892588610103286,0.9095494707670914,0.7963652545156208,10,2.4906122701422584,43.9396111580128,0.6138780681477585
40,650,7,0.04603852449163439,0.9310673860230667,0.7378173949782908,8,4.97320753620338,33.959668696222074,0.600403878732671
41,750,8,0.045545151388071047,0.9977425207462387,0.631116757987314,8,3.423959499356494,36.77395249858354,0.6035082487909675
42,600,8,0.07976971093110545,0.9144609368944617,0.701338351215377,9,3.943694610716911,36.85833510300512,0.6057930410092374
43,650,8,0.04352379034206543,0.8719639889250308,0.6256398329645557,9,3.1688564193527005,38.592745353578955,0.6113679806828167
44,800,8,0.03262889281918517,0.8748743988696838,0.6118131313962579,6,2.220268231626288,46.153842689672146,0.6066623339927107
45,650,7,0.03758228614414881,0.9334523362489944,0.7010071997883874,5,4.836481625889257,36.408878077227556,0.5948265199882858
46,900,8,0.062477951502020505,0.8686744626016517,0.6291379101903846,6,2.2785839479314083,48.72226702806268,0.6119158190897334
47,850,7,0.10770728229591416,0.9023575444524379,0.6699217499221772,3,1.435351881289719,47.4599527447603,0.6038098763284342
48,900,7,0.04855686091914174,0.969028376064754,0.670356457605174,1,1.9045515176385837,48.223692445718,0.5895215503715522
49,950,8,0.05968994591593062,0.8730840999580057,0.6296368231709112,3,2.8179049834947607,44.88891190238867,0.6057686849380126
