feature,perm_importance_mean,perm_importance_std
card1_te_fraud_rate,0.15308309427568104,0.0047445372224495614
C1,0.08464055621404579,0.003914482897191392
C6,0.08047039162842128,0.0017616332867456445
C14,0.05615882138092933,0.001735080849745379
V205,0.0280182036257298,0.0007807985510369673
p_emaildomain,0.02560938619578281,0.0016273493556938864
transaction_amt,0.02507230135139037,0.00129749585822514
V102,0.024979719850874983,0.0016031423574907294
C13,0.02289528793618225,0.0016685651209671492
C2,0.018460004923581186,0.001416358103648435
C11,0.018410018424168874,0.0008308752655474704
C9,0.018187292629054018,0.0009504039175894591
device_hist_fraud_rate,0.01317660080863805,0.0008744862439855782
C5,0.012402454408621522,0.0015589711458685437
V149,0.01191543868691689,0.0005476064238848316
M4,0.008989425834422693,0.0007464482517801868
V258,0.008861945921109383,0.0007396311086619943
D15,0.008668271989371567,0.0005928582914903549
card1_hist_txn_count,0.008198638645648227,0.0008852489377292899
D8,0.007654561554253392,0.0004204675247062818
p_emaildomain_te_txn_count,0.0075529061402389245,0.0010798605997596302
D1,0.0074312108854101885,0.000801679193367704
V317,0.007320249931108603,0.00045826697625085027
addr1_te_txn_count,0.0072726184275267005,0.0009696469334538597
addr1,0.007039987149971161,0.0005229116309905394
card1_hist_avg_amt,0.007031959697400059,0.0007116138572619722
V70,0.006849725709965504,0.0008177612486655556
card1_hist_std_amt,0.006786646621718429,0.0007019903745074853
D2,0.006745956879017001,0.001138033045710367
V312,0.006571781986983105,0.000830548301911438
M5,0.006532396839804666,0.0007406386057653841
addr1_te_fraud_rate,0.006483038765984339,0.000933010012560144
D4,0.006396144701179762,0.0006494746816367742
C10,0.006074867196308875,0.00035003923492088446
V82,0.006040168921813171,0.0007222468334697532
M6,0.005268572558334783,0.0009314065478652281
D3,0.005163800356583481,0.0006860570878413382
amount_zscore_vs_card1_history,0.004776545702171719,0.0007002851153280735
C4,0.004750010217261702,0.000593625197592417
card1,0.004665708051486295,0.0007360821236589297
device_hist_txn_count,0.004233127409810089,0.00041876669479827154
V83,0.004122843669036591,0.0003614940004143453
velocity_24h,0.003992359223416175,0.0006069438500205315
D10,0.003951261136206563,0.0009765141812841767
D11,0.003905467432343579,0.000734390786688769
D13,0.0037153218303966227,0.0005182786249891573
C12,0.00355642247888992,0.00023123045497686239
V266,0.003508415866026948,0.0005171767473122952
V310,0.0034109585827994835,0.00025228303713695417
V315,0.003293088187233484,0.00020473001209492098
C8,0.0032860666325945642,0.0003383233912190802
product_cd,0.0032755600133509643,0.00040564473993117236
V156,0.003078795610682872,0.0005811546783428898
V45,0.0030456880541757992,0.0005544213175515361
V62,0.002968490990218853,0.00040394095350640245
V320,0.0029518715054775214,0.00020313320454808207
V38,0.0027677087924775634,0.0003351625546394952
r_emaildomain_freq,0.0026853868295344642,0.00025924692216201887
p_emaildomain_te_fraud_rate,0.0025617841093254377,0.000789020607885483
V296,0.002532677490309931,0.00023108586485444196
D14,0.0025111644468272408,0.0002623786113096224
V87,0.002508260787743777,0.00028706516674473226
V169,0.0023513646478061424,7.717542944755546e-05
V180,0.0023408816237622254,0.000205424284103335
C7,0.0023225105256880485,0.0002263056299715086
V165,0.002172391063930035,0.00017638199885618283
V91,0.0021537048473182162,0.0005936329009054477
V55,0.002088939905842924,0.00032882658256040215
M9,0.001989213471279594,0.00042466840972722785
V307,0.001937573648957358,0.0007475935946600978
V187,0.0019369999941655559,0.00027909914523260783
device_type,0.0019347573431111153,0.00035225598999246837
D9,0.0017722860866500323,0.00015528949476825214
M3,0.0017675205724537514,0.0002470065363702624
V130,0.0017491166408973302,0.0002216904662447527
V133,0.0016800264960170508,0.0007450755526610006
V281,0.0016542010664656436,0.0001025916364093516
V283,0.0015675188469639334,0.0003101390369924628
V84,0.0015020417803794151,0.000178285512414633
V49,0.0013372354802837715,0.00032958212372847915
V53,0.0011786670587415338,0.00017334340751358395
V220,0.0011702991401152606,0.00023393555906969131
V200,0.0011598655607423126,0.00014252065149654395
V86,0.0010393726510010248,0.00024743505705298425
V67,0.0010384347615747468,0.0004378065892257603
V69,0.0010022147599483722,0.00010195692137691573
V264,0.0009920934275915894,0.00022337904876634361
V19,0.0009641305923011823,0.00017156321809012092
V171,0.0009407636098508809,5.777853638949479e-05
V56,0.0009395286050175366,0.00014598747301616723
V294,0.0009377794322406596,0.00017439950615383057
V35,0.0009089471820359907,0.00010592938116518322
V207,0.0009043992150223445,0.0002082370581398554
D6,0.000893382258604547,0.00026400494310290515
V313,0.0008931074762692504,0.0005723425275500379
velocity_1h,0.0008456112345376132,0.00016241902920829213
V5,0.0008268694513046459,0.00020501520441870678
V208,0.0008221921090551199,0.0001575814479697497
seconds_since_card1_prev_txn,0.0007838424620657091,0.0002450005882094757
V44,0.000776930983819768,0.00018913313499590914
V260,0.0007325733067118922,7.803100174867202e-05
D5,0.0007303595556965136,0.00020834528067638418
V227,0.000724894152286093,6.205716529327042e-05
V251,0.0007005391279684802,0.00018467408566839272
V280,0.0006923001296074927,0.00012580665348431368
V26,0.0006581119968368743,0.00026582711073434476
V23,0.0006330056253782357,8.885850635408289e-05
V189,0.0006298297080113535,6.344398986684048e-05
V132,0.0006235581724285289,6.774533221992007e-05
V210,0.0006186032331631508,5.3046468518630874e-05
V203,0.0005408955446924657,0.00018766024192763225
D12,0.0005214877622818137,0.0002019585807339668
V139,0.0005114662691689031,0.00010196653992072885
V54,0.0005074818733938003,0.00012624842390642478
V274,0.0005058741907349451,7.42273585772869e-05
V188,0.0005016509427135607,7.993789127935687e-05
V170,0.0004909768280398797,5.2299383720568803e-05
C3,0.00047959700361164257,0.0001894541093072421
p_emaildomain_freq,0.00047803935677884766,0.00010085560039444198
V127,0.0004654613552751541,0.00027802378125739197
V78,0.00045508201301809327,0.0002503673825709604
V12,0.0004412330738761794,0.00020129342833676383
V160,0.00043877431889230987,3.533016824774308e-05
M2,0.0004387501174351827,0.00010824441702287701
V166,0.00042871275196900707,4.938288998224239e-05
V90,0.0004215647383002619,0.00014064475827669793
V51,0.00039919816909098624,0.00010049367335033857
V99,0.0003978991653274089,0.00020309442319760778
V73,0.0003969773827331324,0.00011772903724188141
V75,0.0003954405390108495,0.00018175588472996282
V244,0.0003917681799887718,3.467752506457099e-05
V306,0.00038620577144167224,9.143760014040139e-05
D7,0.0003854960531569196,0.0002446997865328446
V309,0.00038231328000037923,8.213230102501182e-05
V64,0.0003730644871359545,4.1391819882304135e-05
V24,0.00036899434540639265,9.34498170748314e-05
V316,0.00035684126391661853,0.00016872352922033015
V94,0.00034852530115331293,0.00015872123861205323
V261,0.00034501803878338454,2.0158862190261517e-05
V321,0.0003440788984126142,5.081893156597833e-05
V47,0.00033147659897656554,0.0002368974798086205
V29,0.0003200625620067954,8.829519594802101e-05
V176,0.00029636205089083044,9.227495037106935e-05
V157,0.0002885033186524555,3.0146436796717525e-05
V81,0.0002718253810347959,6.649096244105382e-05
V272,0.00026183894851118384,7.005028591473669e-05
M8,0.00025946608084758126,5.713307853133277e-05
V255,0.000254230351516882,5.024459586296026e-05
V36,0.00024833120343284996,7.598683698339259e-05
V248,0.00024503637272741405,3.357520562227134e-05
V202,0.0002436584092608829,0.00010456007989118365
V37,0.00023973921777237228,7.856790122536976e-05
V20,0.00023275428369617934,0.00015270994807846895
V60,0.00021878442209367633,2.954458188902333e-05
V292,0.00021699463397911734,3.0176815043092516e-05
V25,0.000216416462168878,6.537205207892758e-05
V96,0.00021087771213229578,0.00016722376099084066
V222,0.0001905565807234222,8.68408206174282e-05
V289,0.0001886775703977439,0.0002571239043602006
V300,0.0001878246585120036,7.420947408518073e-05
V131,0.00018661666376365015,0.0001849831337278707
V249,0.0001858574058871576,3.404354727228739e-05
V201,0.00018534308340276696,4.988380175510252e-05
V11,0.00018255725450757598,3.76173492978628e-05
V43,0.00018154198254340947,3.620795913462028e-05
V168,0.00017957282740471703,3.7794767048501746e-05
V76,0.0001757770797595315,0.0001664667586648431
V48,0.00017371749394973213,0.00013105669866967038
V147,0.00017193313416080658,0.00020744470593417355
V150,0.00017106631122244532,3.4548244721898326e-05
V295,0.00016746343657146888,2.4036382446522146e-05
V185,0.00016734257326412872,3.201986749081298e-05
V332,0.00016247619607354658,2.9459859662241492e-05
V140,0.00016165427814887056,2.6344118475391587e-05
V16,0.00015687322514252867,2.8132647846943213e-05
V190,0.00015463425322682635,2.0689383846322367e-05
V61,0.00015113102122548127,7.818571863264342e-05
V137,0.00014992576950333402,8.546398889609757e-05
V291,0.00014947162214614673,7.405626918357103e-05
V243,0.00014381067722698537,3.378221125689057e-05
V97,0.0001420947214168522,1.2118985754870048e-05
V247,0.00014116671123873826,1.5808181939719053e-05
V229,0.00013962142388697086,5.9142691581523566e-05
V92,0.00013904868327134777,0.00015114601768747798
V124,0.00013894453138848517,3.4437859462422376e-05
V338,0.0001352064672331177,2.9437851100178733e-05
V225,0.00011839627029073264,5.405006112006596e-05
V152,0.00011136572439796044,0.00012736055494328146
V329,0.00010521796098902358,8.560423892738646e-05
V265,0.0001032085142404715,5.621805535682378e-05
V290,0.00010121069357303947,7.667192334240226e-05
V339,0.00010110254864611478,5.395986332552712e-05
V142,9.958370150831009e-05,2.2297142462436366e-05
V257,9.663619286669478e-05,0.00012729419516585976
V30,9.635839095463172e-05,0.0001409430361638493
V128,9.630788325105666e-05,0.00023722219914179928
V74,9.596223469815479e-05,7.117481537532214e-05
V80,9.499544269125915e-05,1.3419442495537143e-05
V186,9.431902065957232e-05,3.503927755591506e-05
V254,8.745674114563062e-05,6.122671707877718e-05
V111,7.860169895064217e-05,3.0788356722168006e-07
V314,7.194308133601224e-05,8.723088368378402e-05
V318,6.912404285248641e-05,5.701243462882311e-05
V323,6.538969786731296e-05,2.5160152309243695e-05
V262,6.287137642702056e-05,3.383877376342033e-05
V6,6.224276887000224e-05,9.665967013515697e-05
V164,5.698243789956647e-05,7.329711388574713e-05
V237,5.6390905173386854e-05,9.346587072018808e-06
V8,5.341712902106055e-05,0.00010572574638641517
V209,4.9198406418504705e-05,0.0001200754285070661
V297,4.702671257029722e-05,2.498795774651959e-05
V77,4.645830714417043e-05,0.00015478588960738223
V282,4.4096249135516795e-05,0.00011088760796825323
V159,4.382607602941846e-05,1.2990532511117634e-05
V334,4.325853938292878e-05,4.2887952780667925e-05
V151,4.115485682359976e-05,4.4892462126856915e-06
V298,3.73570783644972e-05,8.48539522958799e-05
V101,3.4582642045388746e-05,4.452412584603082e-05
V10,3.4386396012309194e-05,4.2867859670327344e-05
V231,3.1631049099190014e-05,3.942757840185837e-05
V178,3.1432465289782384e-05,4.6889429140498735e-05
V161,2.7208987293403374e-05,2.288674923233626e-05
velocity_30min,2.619437496657051e-05,2.9795786352933644e-05
V3,2.585631459077753e-05,6.394143594569391e-05
V224,2.5569167446515274e-05,5.00805927323947e-05
V204,1.8800125963147617e-05,3.9833908982000634e-05
V245,1.8283112357930788e-05,3.277007551293357e-05
V213,1.7718190937288104e-05,3.520165396806693e-05
V293,1.726204779833873e-05,9.171484024064079e-06
V59,1.5061134696081613e-05,2.9302859704486214e-05
V218,1.299495152091712e-05,4.706700499580111e-05
V211,1.2972257523358177e-05,1.7514521134967616e-05
V115,5.876875680965732e-06,4.4693575385961466e-05
M7,4.826638499133562e-06,6.412913164613202e-05
V238,3.2111146970881244e-06,9.334941110736723e-07
V288,9.207029181612647e-07,5.395568443440474e-06
V327,6.084362813574273e-08,1.2925466238094343e-07
V167,0.0,0.0
V93,0.0,0.0
V336,0.0,0.0
V337,0.0,0.0
V71,0.0,0.0
V72,0.0,0.0
V100,0.0,0.0
V98,0.0,0.0
V88,0.0,0.0
V89,0.0,0.0
V182,0.0,0.0
V177,0.0,0.0
V110,0.0,0.0
V118,0.0,0.0
V57,0.0,0.0
V194,0.0,0.0
V195,0.0,0.0
V196,0.0,0.0
V193,0.0,0.0
V192,0.0,0.0
V183,0.0,0.0
V116,0.0,0.0
V106,0.0,0.0
V105,0.0,0.0
V108,0.0,0.0
V107,0.0,0.0
V113,0.0,0.0
V114,0.0,0.0
V104,0.0,0.0
V103,0.0,0.0
V117,0.0,0.0
V333,0.0,0.0
V330,0.0,0.0
V331,0.0,0.0
v_block5_missing,0.0,0.0
v_block2_missing,0.0,0.0
V120,0.0,0.0
V119,0.0,0.0
V125,0.0,0.0
V121,0.0,0.0
V123,0.0,0.0
V122,0.0,0.0
V328,0.0,0.0
v_block4_missing,0.0,0.0
v_block1_missing,0.0,0.0
card1_te_txn_count,0.0,0.0
V324,0.0,0.0
v_block9_missing,0.0,0.0
V322,0.0,0.0
V319,0.0,0.0
V326,0.0,0.0
V325,0.0,0.0
v_block8_missing,0.0,0.0
v_block6_missing,0.0,0.0
V18,0.0,0.0
V1,0.0,0.0
v_block7_missing,0.0,0.0
V305,0.0,0.0
V22,0.0,0.0
M1,0.0,0.0
V287,0.0,0.0
V299,0.0,0.0
V252,0.0,0.0
V9,0.0,0.0
V241,0.0,0.0
V246,0.0,0.0
V31,0.0,0.0
V28,0.0,0.0
V27,0.0,0.0
V50,0.0,0.0
V240,0.0,0.0
V41,0.0,0.0
V191,0.0,0.0
V179,0.0,0.0
V174,0.0,0.0
V175,0.0,0.0
V172,0.0,0.0
V197,0.0,0.0
V138,0.0,0.0
V144,0.0,0.0
V153,0.0,0.0
V154,0.0,0.0
V21,0.0,0.0
V269,0.0,0.0
V17,0.0,0.0
V14,0.0,0.0
V302,0.0,0.0
V199,0.0,0.0
V65,0.0,0.0
V216,0.0,0.0
V68,0.0,0.0
V34,0.0,0.0
V66,0.0,0.0
V212,-3.789694774991581e-07,2.6915895549401423e-05
V230,-4.443978069756938e-07,2.1547174296854935e-06
V143,-1.4194709853532217e-06,2.211694385286994e-05
V250,-1.7689864816650135e-06,3.985758531720915e-06
V162,-1.9908854578032375e-06,2.218855558307099e-05
V253,-4.023201094827122e-06,1.7776763965457306e-05
V42,-5.6665347146656055e-06,6.944912835220314e-05
V284,-5.6811916983146025e-06,8.515733308914263e-06
V278,-8.695313008377781e-06,4.295419024461011e-05
V206,-1.170628899216375e-05,0.0
V259,-1.2408960077181508e-05,9.007287325731844e-05
v_block3_missing,-1.3145009235071558e-05,1.683008335406485e-05
V226,-1.5047752083918731e-05,2.3793499901228398e-05
V58,-1.594776397108033e-05,0.00021017988141729878
V155,-1.892204438845857e-05,1.988262622296367e-05
V198,-2.011375146286909e-05,1.6071603168716514e-05
V95,-2.0360994609214255e-05,1.809731957270702e-05
V304,-2.4416937384730274e-05,1.3613549275510729e-05
V286,-2.490321643522364e-05,2.5824791241172763e-06
V242,-2.6386220660734593e-05,3.6840158026073536e-05
V52,-2.6814247802564585e-05,1.57875177036393e-05
V235,-2.6877522735702096e-05,9.178570830243252e-06
V335,-2.9131425810879906e-05,1.279998330116925e-05
V126,-3.161440076111521e-05,3.7249974591354405e-05
V129,-3.517127247315566e-05,0.00012004781190718775
V236,-3.643204122150134e-05,1.3161028206164451e-05
V303,-3.7287549786080286e-05,5.452868735256748e-05
V141,-4.0109572180169196e-05,1.8459424172284235e-05
V279,-4.038856413864922e-05,2.2885004728879084e-05
V158,-4.289802986736646e-05,0.00011806477391237623
V267,-4.357706019542107e-05,6.234669156379873e-05
V263,-4.7984930002831215e-05,4.565143550431904e-05
V32,-5.259201020514359e-05,9.851793589249754e-05
V232,-6.321644960374239e-05,1.159516774312549e-05
V46,-6.632778839258391e-05,7.04103965975544e-05
V146,-6.794754597247988e-05,1.3674485915339293e-05
V136,-6.95227716261404e-05,0.00021066167401837218
V173,-7.037524350596014e-05,5.356437995804777e-05
V223,-7.270249359317971e-05,2.5450329807871963e-05
V214,-7.583220693896386e-05,3.43033121464786e-05
V239,-7.998570302566454e-05,1.3637429938940046e-05
velocity_5min,-8.009122524024192e-05,4.008431314754843e-05
V228,-8.253468686696408e-05,1.1162358081442384e-05
V184,-8.270651220511071e-05,3.014274489564823e-05
V7,-8.940037337097362e-05,5.890273870378083e-05
V215,-9.080358584542258e-05,2.13228102573531e-05
V275,-9.272694015342032e-05,7.668432119049223e-05
V135,-9.736659951815607e-05,5.7322646569780996e-05
V219,-0.0001004735574380855,0.0002473430264906971
V85,-0.00010144180249692658,8.64349589667653e-05
V2,-0.00010334752527904056,0.00017123558407519657
V311,-0.00011681867133631619,0.00010623619104411513
V181,-0.0001338690810594345,5.337587626544365e-05
V4,-0.00013592944125756512,0.00022359456024662248
V301,-0.0001416330751051631,4.288436732438553e-05
V277,-0.00014773421744428416,0.00013473381007615213
V276,-0.0001496220861099351,5.303367695105925e-05
V271,-0.00016524072374018983,5.707920700971438e-05
V145,-0.00018243363164912595,4.7183724016360807e-05
V163,-0.00018256894637028732,1.2575354002874266e-05
V63,-0.0002274024290126464,7.505945408664994e-05
V112,-0.00023245569673377987,5.277744434294667e-05
V15,-0.00023275138234707393,4.837246648578425e-05
V270,-0.0002563949988130254,2.1016508626801748e-05
V79,-0.0002796637430513615,5.331283348569801e-05
V308,-0.000300533032788497,7.347478841016431e-05
V134,-0.000308898175472061,1.890432679727845e-05
V268,-0.0003190875419784023,5.714004443195698e-05
V33,-0.0003393178444058842,0.00014282280338246407
V233,-0.00040192761718457206,6.645896767019638e-05
V148,-0.0004506943324753543,4.328405052760936e-05
V39,-0.00046221807302266883,1.877566679854794e-05
V234,-0.0005056467904677731,0.00013389499485166946
V256,-0.0006607151843362024,0.00029992101964406993
V221,-0.0007205238420256111,8.366493922511594e-05
V285,-0.000729929885315983,0.0006054870287394288
V273,-0.0007563488174720634,9.017248468444005e-05
V40,-0.0008086559381647151,0.00022728734309490273
V217,-0.0013862427099797126,0.00012400855144148752
V109,-0.002130662199648381,0.0003693034548561014
V13,-0.0022675629262255193,0.00038764448424711634
